"Code","legacy_output_id","legacy_user_id"
"SAFE-PRJ-109",3,149
"SAFE-PRJ-58",4,242
"SAFE-PRJ-115",5,120
"SAFE-PRJ-98",6,134
"SAFE-PRJ-117",7,169
"SAFE-PRJ-116",9,220
"SAFE-PRJ-114",10,88
"SAFE-PRJ-68",17,116
"SAFE-PRJ-80",23,191
"SAFE-PRJ-71",23,191
"SAFE-PRJ-14",24,245
"SAFE-PRJ-14",25,169
"SAFE-PRJ-119",26,164
"SAFE-PRJ-71",26,164
"SAFE-PRJ-10",27,57
"SAFE-PRJ-35",27,57
"SAFE-PRJ-41",27,57
"SAFE-PRJ-59",29,40
"SAFE-PRJ-63",34,199
"SAFE-PRJ-68",44,116
"SAFE-PRJ-72",45,83
"SAFE-PRJ-52",46,73
"SAFE-PRJ-82",47,2
"SAFE-PRJ-39",48,62
"SAFE-PRJ-20",49,165
"SAFE-PRJ-44",50,186
"SAFE-PRJ-60",51,12
"SAFE-PRJ-65",52,128
"SAFE-PRJ-60",53,12
"SAFE-PRJ-80",57,191
"SAFE-PRJ-52",58,73
"SAFE-PRJ-4",59,27
"SAFE-PRJ-80",60,191
"SAFE-PRJ-58",61,215
"SAFE-PRJ-63",62,199
"SAFE-PRJ-45",68,27
"SAFE-PRJ-4",70,27
"SAFE-PRJ-24",71,171
"SAFE-PRJ-24",72,171
"SAFE-PRJ-58",73,215
"SAFE-PRJ-45",75,27
"SAFE-PRJ-65",76,128
"SAFE-PRJ-52",77,73
"SAFE-PRJ-77",78,152
"SAFE-PRJ-27",80,16
"SAFE-PRJ-80",81,191
"SAFE-PRJ-16",82,201
"SAFE-PRJ-45",83,27
"SAFE-PRJ-37",84,57
"SAFE-PRJ-58",85,215
"SAFE-PRJ-65",86,128
"SAFE-PRJ-21",88,217
"SAFE-PRJ-65",89,248
"SAFE-PRJ-9",90,68
"SAFE-PRJ-10",91,26
"SAFE-PRJ-12",92,105
"SAFE-PRJ-80",93,191
"SAFE-PRJ-41",94,167
"SAFE-PRJ-5",95,127
"SAFE-PRJ-65",97,18
"SAFE-PRJ-29",97,18
"SAFE-PRJ-59",98,40
"SAFE-PRJ-65",99,128
"SAFE-PRJ-35",100,70
